,average_salary,total_sale,turn_over_rate
0,6441,75400.0,0.2
1,5817,9406.2,0.13
2,6182,13100.0,0.15
3,8737,2300.0,0.35
4,10065,14800.0,0.16
5,6345,29900.0,0.1
6,10926,3000.0,0.2
7,11355,21200.0,0.23
8,11975,27100.0,0.07
9,11276,21900.0,0.1
10,10406,20400.0,0.09
11,9488,1100.0,0.25
12,9292,16100.000000000002,0.15
13,9961,2700.0,0.08
14,11856,29200.0,0.1
15,13656,22600.0,0.08
16,5645,3957.1,0.26
17,8562,10100.0,0.25
18,10001,13000.0,0.08
19,8325,1500.0,0.16
20,16010,9900.0,0.15
21,10264,24700.0,0.16
22,14080,3200.0,0.13
23,8352,6387.3,0.14
24,10852,3500.0,0.11
25,13033,2600.0,0.17
26,6082,2600.0,0.23
27,13159,6500.0,0.13
28,6082,5700.0,0.17
29,5553,1079.8,0.2
30,14057,12800.0,0.14
31,8845,3800.0,0.42
32,5887,2090.2,0.14
33,11280,16700.0,0.1
34,6082,1261.9,0.17
35,5817,8892.8,0.38
36,12177,2300.0,0.14
37,12741,3700.0,0.08
38,6032,2800.0,0.25
39,9680,7300.0,0.19
40,5163,1450.2,0.2
41,6032,2300.0,0.13
42,14011,3000.0,0.24
43,10392,4776.7,0.22
44,5601,719.0,0.17
45,6571,3800.0,0.28
46,7632,8000.0,0.1
47,8979,3396.9,0.14
48,4987,453.3,0.23
49,5516,9294.1,0.28
50,7063,4400.0,0.44
51,3651,365.0,0.45
52,5519,6104.1,0.8300000000000001
53,12659,3100.0,0.07
54,7088,15000.0,0.19
55,3362,410.0,0.5
56,12542,2100.0,0.11
57,6082,2001.3,0.11
58,5188,1083.5,0.26
59,7070,6957.2,0.34
60,11347,1600.0,0.2
61,9985,2600.0,0.08
62,8719,9906.7,0.19
63,12426,1500.0,0.11
64,7970,4300.0,0.17
65,9693,3400.0,0.08
66,7474,4034.2,0.12
67,11098,1600.0,0.11
68,4530,3143.3,0.23
69,6082,1700.0,0.12
70,3506,1530.6,0.3
71,11446,2700.0,0.12
72,9814,9413.1,0.19
73,4608,735.6,0.99
74,3830,1422.5,0.39
75,6032,2562.1,0.21
76,8224,3750.6,0.22
77,8394,9970.3,0.12
78,9274,1400.0,0.12
79,9147,1300.0,0.13
80,6032,2000.0,0.13
81,12393,5400.0,0.06
82,8879,6599.2,0.17
83,8099,3600.0,0.13
84,9467,6200.0,0.28
85,11994,8775.5,0.17
86,10974,9600.0,0.12
87,4387,2183.8,0.3
88,5638,2130.4,0.18
89,4891,4114.0,0.99
90,8950,2100.0,0.23
91,5877,7029.4,0.33
92,5357,3071.2,0.19
93,8866,2600.0,0.14
94,7709,2024.4,0.3
95,6235,3480.6,0.18
96,6032,2885.1,0.12
97,6032,1178.8,0.2
98,7626,2300.0,0.08
99,7001,248.8,0.09
100,6032,8640.3,0.11
101,5805,59.4,0.33
102,5510,478.8,0.3
103,13847,2705.5,0.18
104,12129,6792.7,0.12
105,9961,2691.6,0.21
106,4605,206.7,0.38
107,12280,5627.3,0.18
108,18665,1100.0,0.21
109,6082,5200.0,0.06
110,10791,1100.0,0.18
111,6032,3861.7,0.11
112,9966,7096.4,0.18
113,10142,4900.0,0.12
114,10745,2688.8,0.09
115,5769,655.8,0.29
116,4115,195.1,0.6
117,4354,1133.0,0.22
118,3442,4473.3,0.46
119,6082,1294.9,0.08
120,9880,3933.2,0.06
121,4651,864.2,1.0
122,8179,27100.0,0.09
123,7846,1200.0,0.13
124,2508,4.7,0.39
125,4558,104.8,0.8
126,6082,5300.0,0.15
127,4262,2566.7,0.17
128,7662,10500.0,0.16
129,4050,5700.0,0.2
130,7784,2954.7,0.74
131,6936,3015.4,0.14
132,5439,2120.0,0.62
133,6184,2022.2,0.16
134,5237,7369.6,0.46
135,3399,244.3,2.91
136,6182,2059.8,0.18
137,5552,1700.0,0.26
138,1923,9.3,1.46
139,6495,4200.0,0.09
140,7903,2600.0,1.23
141,5759,1400.0,0.22
142,1476,1.9,0.25
143,6950,1300.0,0.34
144,4065,12.9,0.16
145,6868,1900.0,0.24
146,7198,2118.3,0.18
147,6285,2622.4,0.14
148,6082,1300.0,0.27
149,7256,1300.0,0.16
150,7112,4306.8,0.42
151,4696,2440.9,0.76
152,2393,6.0,0.16
153,7509,4831.6,0.23
154,6233,6088.2,0.28
155,5124,2425.6,0.87
156,5931,1896.6,0.14
157,2864,1747.7,1.18
158,5671,904.5,0.25
159,4721,1186.2,0.32
160,7005,1400.0,0.16
161,6082,1400.0,0.23
162,5403,3608.3,0.32
163,7852,1000.0,0.12
164,3033,8.8,0.67
165,4019,452.6,0.4
166,5842,726.1,0.15
167,4654,14.0,0.47
168,5603,837.5,0.18
169,4924,485.5,0.25
170,5973,1139.8,0.22
171,6032,4544.2,0.24
172,5476,1553.1,0.18
173,6032,1300.0,0.3
174,5558,1266.0,0.62
175,2448,6.5,0.27
176,6032,920.3,0.17
177,6032,4775.0,0.58
178,4835,1466.8,0.6
179,5666,854.1,0.29
180,6697,3393.6,0.13
181,4042,191.2,0.22
182,5061,1647.1,0.29
183,5842,764.7,0.24
184,6032,3402.0,1.24
185,4512,879.6,0.37
186,4476,1441.5,1.69
187,4335,1432.1,0.75
188,4706,763.3,0.24
189,8151,1392.3,0.3
190,4410,156.5,0.38
191,5605,1162.4,0.18
192,3489,399.8,0.75
193,4843,90.4,0.13
194,6907,5236.9,2.67
195,4680,1361.7,0.77
196,3605,1103.7,0.71
197,4529,1175.1,0.62
198,4450,256.2,0.25
199,5563,1557.0,0.14
200,3446,100.2,0.18
201,5415,606.4,0.26
202,4460,403.3,0.26
203,5269,1889.0,0.36
204,5035,20400.0,1.09
205,1503,2100.0,1.38
206,3139,5824.1,1.34
207,4573,15100.0,0.23
208,6720,5100.0,0.09
209,3773,7000.0,0.22
210,5162,6800.0,0.51
211,6926,7700.0,0.09
212,6564,1500.0,0.35
213,3628,4300.0,1.03
214,2376,4493.3,1.3
215,4789,1700.0,1.12
216,8740,8800.0,0.11
217,2731,3055.7,1.48
218,3353,2600.0,0.5
219,5514,3900.0,0.24
220,6082,3000.0,0.11
221,4281,35.8,0.64
222,4098,2433.5,0.53
223,6000,57.1,1.75
224,3848,2800.0,0.16
225,6082,3800.0,0.08
226,4038,1700.0,0.48
227,5438,5436.7,0.37
228,2461,2994.7,0.99
229,3523,1300.0,0.28
230,6038,5900.0,0.13
231,4160,1465.4,0.34
232,3977,1200.0,0.32
233,6082,4500.0,0.09
234,4558,7101.7,0.36
235,7338,1300.0,0.31
236,4368,7909.0,0.66
237,4085,1600.0,0.64
238,5371,5400.0,0.33
239,6032,1100.0,0.15
240,3102,3624.0,1.3
241,6241,1100.0,0.17
242,2827,16.4,0.24
243,9244,17600.0,0.08
244,8416,11.4억,0.02
245,3770,502.9,0.37
246,6670,1200.0,1.14
247,3935,262.8,0.66
248,3855,742.3,0.44
249,6082,5653.2,0.18
250,5587,7294.5,0.12
251,1775,54만원,2.0
252,4532,762.2,1.64
253,4263,1018.8,0.23
254,2209,1146.6,1.32
255,5859,1100.0,0.19
256,3188,4861.3,0.92
257,2981,392.2,0.68
258,6032,3583.2,0.19
259,3234,1497.0,0.94
260,4344,2707.8,0.18
261,4672,1400.0,0.16
262,6032,1800.0,0.11
263,3586,490.7,0.78
264,6032,7530.6,0.18
265,3453,1400.0,0.47
266,6522,1115.5,0.46
267,12358,13700.0,0.09
268,3434,352.0,0.73
269,5832,5193.0,0.22
270,6360,5479.9,0.17
271,3139,58.3,0.24
272,11581,30500.0,0.12
273,4217,1100.0,0.22
274,3647,657.4,0.84
275,1962,159.2,1.77
276,6032,4967.6,0.07
277,6032,1700.0,0.18
278,3731,1415.3,0.45
279,7395,2298.9,0.06
280,3771,252.8,1.27
281,6032,21100.0,0.1
282,2514,948.3,1.5
283,4860,919.4,0.37
284,4845,552.9,0.37
285,6032,3071.7,0.34
286,4316,54.8,0.6
287,6350,2400.0,0.19
288,3847,317.5,0.44
289,6032,3366.8,0.25
290,5815,3300.0,0.13
291,4518,3530.8,0.28
292,5580,2471.9,0.27
293,2531,672.2,1.61
294,4142,619.9,0.3
295,6082,1500.0,0.1
296,6032,1963.4,0.12
297,4757,2228.5,9.54
298,5746,96.8,1.08
299,4606,349.9,0.26
300,2101,78.2,0.21
301,4212,662.5,0.28
302,3858,435.7,0.43
303,4726,4316.6,0.66
304,8684,4233.1,0.13
305,5157,1567.6,0.18
306,5444,8639.0,0.29
307,6032,4065.8,0.3
308,5237,1686.2,0.21
309,3660,5048.2,0.29
310,4598,973.9,0.33
311,4447,319.9,0.43
312,6780,5801.1,0.09
313,4283,1247.5,0.58
314,3476,4575.5,0.43
315,4292,1183.6,0.24
316,4305,1200.0,0.35
317,4544,95.2,0.43
318,4623,1765.4,0.28
319,6032,121.8,0.3
320,6032,796.2,0.16
321,5287,8783.5,0.41
322,6813,1400.0,0.29
323,6549,8200.0,0.25
324,3707,2001.8,0.5
325,4742,5509.8,0.27
326,4632,1025.3,0.22
327,3334,413.6,0.61
328,5131,3048.5,0.21
329,4644,996.5,0.2
330,4435,1493.0,0.44
331,5612,3727.9,0.17
332,3278,1.0,1.0
333,8247,4904.6,0.14
334,5405,6889.9,0.17
335,3011,352.5,0.55
336,3224,1449.0,0.38
337,6032,6100.0,0.17
338,5519,3096.0,0.32
339,6032,4505.1,0.46
340,4065,2144.4,0.15
341,3711,692.5,0.33
342,5830,118.7,0.35
343,5379,1380.2,0.28
344,3751,586.3,0.52
345,6032,4700.0,0.36
346,4716,8400.0,0.46
347,3940,1765.0,0.43
348,5965,181.9,0.16
349,3599,775.8,0.56
350,5594,1697.6,0.1
351,5084,265.5,0.2
352,11448,4100.0,0.06
353,4705,1469.6,0.18
354,6447,8669.5,0.13
355,5140,1400.0,0.38
356,6238,882.3,0.2
357,5335,561.3,0.11
358,"4,195만",81.3,0.64
359,6032,4383.3,0.31
360,5227,3295.9,0.13
361,5590,2191.2,0.13
362,3928,1746.8,0.26
363,5481,4546.5,0.33
364,5677,1168.6,0.88
365,2128,276.1,1.61
366,3597,956.5,0.18
367,2964,7210.8,1.48
368,6713,3692.5,0.23
369,3653,8687.5,0.34
370,6032,2124.9,0.23
371,5642,9099.0,0.17
372,6032,1500.0,0.5
373,6032,5419.5,0.19
374,4458,268.6,0.53
375,4320,227.9,0.23
376,6032,2200.0,0.13
377,2681,3442.0,1.08
378,5932,623.1,0.08
379,5187,2542.1,0.17
380,3971,489.6,0.67
381,6032,4072.2,0.15
382,6032,2258.0,0.14
383,5840,920.1,0.16
384,4738,3710.3,0.34
385,4636,2337.9,0.28
386,5856,932.6,0.1
387,4646,1037.4,0.22
388,5589,840.4,4.13
389,4172,6907.8,0.27
390,4706,789.5,0.28
391,5018,1097.2,0.47
392,4750,157.6,0.74
393,4793,2074.1,0.87
394,6032,1187.4,0.06
395,4795,418.4,1.08
396,4941,1989.7,0.33
397,5460,649.5,0.24
398,3344,408.1,0.38
399,4146,1824.0,0.16
400,6032,5871.6,0.15
401,6032,2050.5,0.14
402,5458,2.1,0.06
403,4820,4967.1,0.3
404,4066,705.2,0.42
405,6032,3858.5,0.13
406,6098,1601.4,0.18
407,5742,2686.0,0.25
408,4724,540.6,0.34
409,4186,209.3,0.39
410,4367,822.9,0.48
411,4345,2431.1,0.46
412,6032,3098.4,0.23
413,5224,999.9,0.15
414,6032,1682.3,0.15
415,2099,495.7,2.04
416,3575,636.2,0.71
417,5747,5805.7,0.18
418,4768,966.1,0.37
419,6032,1400.0,0.08
420,3512,275.8,0.61
421,4069,262.4,0.52
422,4148,3023.7,0.48
423,5287,8783.5,0.5
424,3993,200.2,0.23
425,3904,671.1,0.38
426,6032,5442.3,0.23
427,5614,650.5,0.19
428,6032,2383.6,0.14
429,1912,5715.4,1.48
430,6032,3413.3,0.09
431,4207,185.1,0.22
432,4816,891.9,0.32
433,2745,7.8,0.2
434,5911,1651.9,0.18
435,5378,9256.8,0.13
436,5386,2994만원,0.25
437,3267,255.3,0.5700000000000001
438,7133,6478.0,0.27
439,4081,386.2,0.34
440,4731,626.2,0.17
441,4047,2700.0,0.45
442,4943,509.1,0.12
443,4119,501.2,0.3
444,4019,50.6,0.21
445,4732,6605.0,0.22
446,3167,41.6,0.8200000000000001
447,6107,5432.0,0.12
448,4325,1779.6,0.23
449,4561,650.4,0.61
450,5932,1565.6,0.17
451,5538,4630.2,0.24
452,3241,74.4,0.3
453,5704,1365.2,0.16
454,4999,7657.9,0.22
455,5422,6138.6,0.26
456,5690,1476.8,0.09
457,4816,451.5,0.44
458,6032,1204.8,0.26
459,5867,312.8,0.24
460,5726,3181.1,0.29
461,4328,1364.5,0.34
462,"8,210만",3500.0,0.1
463,5348,1307.2,0.28
464,3439,757.8,0.35
465,2410,7843만원,0.33
466,6032,2004.5,0.09
467,6032,3271.9,0.06
468,5373,598.0,0.3
469,5384,1122.8,0.2
470,5426,229억,0.12
471,5195,6534.3,0.27
472,3369,110.5,0.81
473,4156,927.6,0.4
474,6032,1204.5,0.18
475,11252,5000.0,0.14
476,4742,931.0,0.21
477,5604,619.0,0.13
478,5932,461.2,0.19
479,6032,2656.8,0.13
480,5206,680.9,0.25
481,5847,1151.9,0.11
482,3616,224.1,0.31
483,2717,40.8,0.67
484,6032,2449.0,0.17
485,5161,2141.6,0.19
486,5057,529.7,0.32
487,6032,726.2,0.11
488,5790,2892.9,0.28
489,6251,4659.9,0.14
490,2826,58.7,0.8
491,3731,5.0,0.11
492,6032,1485.8,0.2
493,6032,2180.4,0.12
494,5481,1400.0,0.18
495,3891,229.8,0.64
496,5645,844.9,0.11
497,4829,999.2,0.51
498,4356,144.7,0.86
499,4259,212.9,0.35
500,6032,4186.5,0.07
501,3147,1074.8,0.35
502,2815,1523.9,1.18
503,3929,966.5,0.74
504,5310,2292.4,0.16
505,4690,526.7,0.35
506,6032,1100.0,0.06
507,1350,1.3,0.33
508,3901,479.3,0.33
509,5906,434.5,0.16
510,4586,272.0,0.52
511,4799,610.1,0.6
512,5481,2573.2,0.14
513,3524,182.6,0.64
514,6265,291.6,0.29
515,5837,217.7,0.11
516,5992,9165.3,0.1
517,4972,445.9,0.27
518,3350,24.2,0.95
519,4682,1291.0,0.17
520,3707,1556.8,0.58
521,3011,6225.4,0.51
522,1928,65.7,0.33
523,1284,1646.9,1.63
524,2607,299.2,0.89
525,5969,1100.0,0.14
526,11264,8843.5,0.51
527,3697,212.9,0.48
528,4493,67.0,0.6900000000000001
529,3916,216.4,0.5
530,3854,2958.2,0.16
531,3422,718.4,0.67
532,2984,244.2,0.68
533,4861,502.7,0.25
534,2519,2461.8,0.59
535,3039,9528.2,0.33
536,4382,623.4,0.61
537,3997,849.7,0.68
538,1388,4895.8,1.74
539,4130,320.9,0.37
540,3388,85.0,0.47
541,1776,6280.9,1.4
542,2941,741.5,0.46
543,6032,1233.7,0.2
544,4336,1164.1,0.22
545,5401,683.5,0.48
546,5152,53.3,0.24
547,3336,556.5,0.88
548,3280,1314.1,0.61
549,4247,1011.3,0.31
550,2151,6735.0,0.8300000000000001
551,3075,200.0,0.88
552,1916,1329.7,0.71
553,3393,228.2,0.41
554,4213,1179.8,0.27
555,1991,1475.2,1.66
556,10827,2047.4,0.54
557,3518,1763.5,0.37
558,11725,2845.6,0.48
559,4765,2287.7,0.5
560,8225,1543.7,0.27
561,3537,77.3,0.56
562,3844,442.0,0.31
563,4905,305.4,0.5700000000000001
564,2343,419.2,4.26
565,3468,96.6,0.46
566,3250,341.9,0.48
567,4137,1838.9,0.3
568,7295,906.1,0.22
569,3070,30.0,1.14
570,3739,56.9,0.51
571,7641,1652.3,0.63
572,3015,63.5,0.09
573,3990,73.1,0.36
574,4843,126.6,1.84
575,2956,135.4,1.47
576,3997,849.7,0.6900000000000001
577,5751,201.0,0.25
578,4221,163.8,0.33
579,3592,233.3,0.33
580,4216,183.8,0.18
581,2856,28.2,0.67
582,2590,76.2,0.78
583,5925,2106.5,0.46
584,8053,1153.0,0.11
585,4771,336.0,0.36
586,4167,346.4,0.39
587,3733,161.3,0.46
588,3402,34.1,0.52
589,5641,866.0,0.94
590,3782,105.7,0.28
591,3297,80.4,0.28
592,6032,4285.1,0.19
593,6032,1900.4,0.14
594,4593,98.8,0.34
595,4210,769.1,0.33
596,4257,85.1,0.5700000000000001
597,4171,1668.3,0.67
598,3786,89.3,0.54
599,9073,4133.0,0.2
600,5240,181.9,0.2
601,5748,2396.2,0.2
602,6015,716.2,0.45
603,5450,743.0,0.32
604,5484,4595.9,0.21
605,4544,332.0,0.24
606,3989,228.6,0.22
607,3781,1077.1,0.19
608,5721,2241.2,0.26
609,10327,1800.0,0.18
610,6082,8772.1,0.2
611,6035,767.5,0.2
612,5466,368.1,0.22
613,4159,192.8,0.3
614,5012,398.2,0.28
615,4474,2396.4,0.23
616,4062,40.5,0.81
617,14717,2290.2,0.3
618,5023,39.6,0.21
619,5630,2052.0,0.6900000000000001
620,1977,226.6,0.66
621,3692,188.3,0.29
622,5664,178.5,0.17
623,4543,1136.7,0.71
624,6032,1822.8,0.13
625,4892,657.1,0.2
626,3816,561.9,0.44
627,12717,2100.0,0.13
628,6662,1342.3,0.39
629,4346,1466.6,0.35
630,5891,2010.2,0.18
631,3572,269만원,0.26
632,5274,344.9,0.23
633,7727,2784.2,0.16
634,6927,2008.7,0.18
635,4630,1037.3,0.16
636,7384,2727.1,1.12
637,4114,116.9,0.36
638,5389,1035.8,0.2
639,5319,482.3,0.24
640,6032,6097.2,0.15
641,4022,155.7,0.85
642,3355,78.7,0.67
643,4232,466.1,0.48
644,9628,764.0,0.28
645,5277,2882.6,0.18
646,4105,153.6,0.31
647,4693,972.2,0.32
648,2902,22.9,0.77
649,4037,2361만원,0.5700000000000001
650,3776,32.0,0.44
651,6032,1819.5,0.44
652,5498,819.0,0.22
653,4488,122.9,0.32
654,3097,101.6,1.26
655,4884,212.5,0.25
656,4448,107.2,0.21
657,5123,494.3,0.32
658,5498,935.3,0.2
659,5320,67.6,0.28
660,10067,12800.0,0.08
661,13481,5000.0,0.06
662,10936,3800.0,0.08
663,9831,18400.0,0.09
664,13257,5000.0,0.32
665,5100,3137.8,0.21
666,6252,9126.0,0.14
667,12717,2100.0,0.15
668,3859,64.8,0.65
669,11366,2100.0,0.19
670,6572,1952.5,0.19
671,8368,2809.1,0.33
672,6082,5556.4,0.15
673,6032,2806.3,0.14
674,14443,12100.0,0.08
675,6399,1993.5,0.17
676,6082,1900.0,0.12
677,4618,791.1,0.81
678,3502,4680.0,0.44
679,6032,5582.1,0.25
680,3410,235.4,0.79
681,6835,1180.4,0.18
682,5832,4714.8,0.37
683,6082,2000.0,0.13
684,8264,3095.9,0.12
685,1285,1.9,0.67
686,9336,1700.0,0.07
687,6082,5969.7,0.14
688,4513,876.4,1.25
689,4369,905.6,0.26
690,6082,2389.3,0.13
691,2778,10.8,0.47
692,5463,6255.7,0.49
693,8535,2729.0,0.16
694,7470,529.7,0.13
695,3061,68.5,0.67
696,7443,1300.0,0.23
697,5253,459.5,0.21
698,5356,2051.3,0.39
699,8621,1800.0,0.09
700,3305,1261.9,0.78
701,9691,4229.7,0.25
702,3456,2207.5,30.83
703,5581,2049.1,0.2
704,7384,4853.5,0.2
705,4069,337.6,0.8300000000000001
706,5799,2548.4,0.36
707,5870,702.0,0.07
708,3861,1163.9,0.27
709,3535,9.9,0.26
710,4594,277.9,0.19
711,6549,5260.9,0.12
712,4814,965.2,0.21
713,6665,2626.5,0.12
714,3523,36.2,0.45
715,3185,7.8,0.49
716,4859,354.1,0.31
717,4466,325.1,0.44
718,5231,1896.6,0.42
719,4978,5982.2,0.24
720,5632,2477.7,0.27
721,3931,195.4,0.27
722,6032,558.8,0.39
723,4607,230.9,0.4
724,4081,526.0,0.89
725,3574,263.4,0.26
726,4552,288.1,0.26
727,3958,6491.1,0.18
728,6082,2855.9,0.04
729,3608,182.5,0.36
730,6786,1200.0,0.22
731,5319,337.0,0.32
732,6032,776.1,0.11
733,4836,141.2,0.4
734,4468,2236만원,0.42
735,7992,2863.2,0.25
736,3674,229.7,0.26
737,11204,4100.0,0.08
738,3155,111.9,0.31
739,6032,1721.6,0.08
740,4438,642.8,0.28
741,5204,263.4,0.25
742,3195,746.3,1.38
743,4462,221.9,0.4
744,4775,442.5,0.62
745,6398,1747.2,0.15
746,5690,582.5,0.19
747,4241,227.8,0.46
748,5764,966.7,1.67
749,4759,1.6,0.88
750,5597,180.1,0.22
751,5155,366.3,0.14
752,3580,7.1,1.19
753,4686,695.6,0.34
754,2154,134.7,2.57
755,6907,1250.0,0.16
756,6742,1010.3,0.18
757,5724,935.3,0.19
758,5777,229.4,0.45
759,5883,359.5,0.18
760,5300,178.9,0.75
761,5253,5258.0,0.19
762,6090,475.3,0.16
763,6032,2849.0,0.12
764,5018,318.0,0.44
765,6151,562.3,0.22
766,4145,158.4,0.36
767,3642,2886.0,0.5
768,5227,313.6,0.15
769,3765,68.4,0.47
770,3795,560.7,0.31
771,6032,1573.4,0.14
772,5326,149.3,0.32
773,4173,61.0,0.22
774,4572,111.2,0.25
775,5417,543.3,0.19
776,3289,110.1,0.87
777,5782,397.7,0.56
778,5022,412.6,0.14
779,5106,156.6,0.25
780,4307,887.3,0.27
781,10749,1000.0,0.2
782,3290,182.0,0.46
783,5046,1089.3,0.18
784,3677,290.6,0.16
785,4201,21.5,0.12
786,6195,297.2,0.41
787,5034,2909.5,0.32
788,3762,172.8,0.47
789,6032,956.2,0.13
790,3278,172.1,0.53
791,5055,314.5,0.4
792,2371,2.5,1.2
793,4465,118.6,0.21
794,4779,573.7,0.39
795,7312,287.3,0.07
796,5388,365.9,0.23
797,3500,270.1,0.03
798,3727,150.0,0.77
799,3563,97.9,0.35
800,1,211.1,1.0
801,5046,130.4,0.51
802,3408,17.2,0.43
803,5861,312.1,1.17
804,4429,1930.8,0.27
805,4499,191.3,0.27
806,4458,73.5,0.35
807,7231,2511.2,0.14
808,5869,3701.9,0.32
809,4071,244.9,0.54
810,5932,560.9,0.17
811,4431,30.1,1.82
812,4459,246.8,0.31
813,4764,35.7,0.22
814,4909,2601.4,1.85
815,5055,113.4,0.29
816,3672,208.9,0.52
817,4045,52.8,0.31
818,4037,13.8,0.15
819,5173,443.5,0.19
820,5020,348.2,0.19
821,5827,441.5,0.13
822,4675,437.5,0.21
823,2761,5.3,1.4
824,3454,140.8,0.42
825,3027,66.3,0.59
826,6032,1338.2,0.1
827,4932,163.9,0.18
828,5326,5.2,1.53
829,5598,177.6,0.17
830,4933,265.3,0.65
831,5254,168.5,0.51
832,6082,2703.0,0.06
833,6032,517.9,0.14
834,5526,272.1,0.15
835,6092,196.1,0.17
836,4544,521.8,0.97
837,3351,14.5,0.43
838,4557,138.9,0.3
839,17550,556.9,0.36
840,3833,204.4,0.36
841,3668,352.1,0.38
842,5745,1176.3,0.3
843,4270,35.1,1.08
844,4613,212.2,0.33
845,6112,543.6,0.15
846,2582,64.1,0.94
847,5976,1961.3,0.15
848,5362,45.3,0.25
849,5833,195.8,0.5
850,5480,237.4,0.27
851,5299,101.9,0.46
852,5255,272.7,0.54
853,4629,219.8,0.33
854,7785,571.0,0.1
855,3925,262.8,0.31
856,4523,204.7,0.26
857,5519,652.2,0.28
858,5974,2108.4,0.29
859,5126,296.4,0.24
860,3784,247.2,0.14
861,6082,8602.6,0.23
862,3035,36.2,0.46
863,5530,941.6,0.23
864,4863,246.0,0.38
865,4683,86.6,0.53
866,3250,169.9,0.14
867,3149,340.6,0.51
868,4156,658.6,0.41
869,6479,909.4,0.27
870,3827,148.0,0.46
871,4701,278.6,0.33
872,6436,746.8,0.15
873,4981,1137.6,0.21
874,4523,46.2,2.62
875,5047,237.1,0.55
876,2966,73.1,0.7000000000000001
877,4217,280.7,0.35
878,2578,8.1,1.71
879,4700,430.0,0.19
880,4903,151.7,0.29
881,4651,1817.5,0.27
882,5091,197.0,0.16
883,5543,260.9,0.19
884,3547,177.1,0.24
885,5541,132.0,0.11
886,5435,336.4,0.35
887,4129,113.4,0.44
888,4877,246.1,0.29
889,5440,323.6,0.3
890,4042,1018.3,0.62
891,4293,1070.1,0.26
892,4232,58.5,0.36
893,3734,106.4,0.38
894,2722,304.9,1.63
895,3769,65.2,0.14
896,4355,112.6,0.3
897,2561,194.0,1.27
898,4830,193.0,0.55
899,4186,553.0,0.11
900,4392,246.0,0.5700000000000001
901,3831,75.2,0.6
902,4429,243.4,0.36
903,4133,8.9,0.37
904,6032,4490.6,0.1
905,2523,13.5,0.72
906,5170,249.6,0.72
907,5726,1216.9,0.3
908,4841,140.9,0.2
909,5678,623.4,0.12
910,6011,202.9,0.19
911,6082,7611.1,0.09
912,4419,14.9,0.94
913,5141,264.2,0.28
914,4156,154.6,0.23
915,3892,50.8,0.58
916,1830,112.3,1.27
917,4942,176.1,0.28
918,4436,123.1,0.4
919,4692,33.2,0.2
920,5279,427.9,0.44
921,4101,111.3,0.46
922,5320,245.6,0.25
923,5752,52.9,0.6900000000000001
924,5783,91.7,0.32
925,2073,381.2,1.14
926,4820,434.5,0.5700000000000001
927,5986,318.7,0.31
928,5454,679.7,0.49
929,6032,34.3,0.63
930,5380,195.1,0.23
931,3720,100.0,0.1
932,4141,433.4,0.2
933,4995,62.3,0.33
934,4595,176.3,0.26
935,5639,557.2,0.23
936,5482,740.8,0.26
937,5187,150.1,0.51
938,5638,842.6,0.33
939,4958,949.3,0.33
940,4689,170.4,0.44
941,4767,97.7,0.39
942,6082,2553.6,0.11
943,6032,1302.5,0.12
944,4997,311.6,0.18
945,4038,140.2,0.55
946,5012,216.0,0.49
947,4778,281.7,0.24
948,3875,25.5,0.21
949,3526,75.1,0.93
950,4095,188.3,0.7000000000000001
951,5574,540.8,0.27
952,4558,19.2,0.42
953,5323,934.8,0.45
954,4918,40.2,0.27
955,4284,6.2,0.56
956,2336,105.1,0.42
957,4267,243.8,0.3
958,5913,674.7,0.13
959,1475,4.1,0.33
960,6295,162.6,0.19
961,4292,110.3,0.13
962,4425,130.1,0.35
963,1521,31.8,1.6
964,4866,768.3,0.31
965,3346,29.6,0.31
966,4359,224.5,1.15
967,4803,121.3,0.19
968,4759,133.9,0.31
969,4140,100.0,0.45
970,5420,206.1,0.22
971,4686,188.5,0.14
972,4250,74.8,0.35
973,5173,1162.1,0.28
974,1699,135.7,0.55
975,6525,317.6,0.17
976,6032,3568.9,0.12
977,4290,121.4,0.37
978,4500,74.0,0.25
979,6032,1761.3,0.12
980,5095,18.9,0.55
981,5327,319.0,0.18
982,3698,123.0,0.1
983,5952,2002.6,0.12
984,4388,307.0,0.27
985,5143,649.8,0.18
986,6032,199.7,0.31
987,4360,210.8,0.13
988,4169,193.2,0.38
989,3486,896.2,1.43
990,3957,171.8,0.51
991,2916,10.7,0.86
992,4798,67.7,0.63
993,5852,14.6,3.17
994,7396,348.2,0.09
995,4877,119.6,0.4
996,3178,105.1,0.42
997,3481,54.2,0.64
998,3930,59.3,0.28
999,5278,151.4,0.19
1000,2154,176.8,2.0
1001,4125,39.0,0.14
1002,5234,396.1,0.3
1003,3917,122.3,0.36
1004,4036,127.1,0.53
1005,3294,51.3,0.4
1006,2670,185.6,1.6
1007,3875,162.3,0.32
1008,2528,42.3,0.29
1009,4689,14.3,0.46
1010,4985,92.8,0.33
1011,6032,2168.5,0.05
1012,5332,187.6,0.36
1013,4135,815.3,0.47
1014,3590,54.4,0.62
1015,4502,95.2,0.29
1016,4951,863.6,0.47
1017,6819,64.9,0.17
1018,3950,2.3,0.28
1019,4991,116.9,0.45
1020,8880,419.4,3.27
1021,3606,181.6,0.41
1022,5154,159.9,0.51
1023,4999,229.6,0.26
1024,4387,78.7,0.8
1025,4593,298.3,0.16
1026,3477,229.9,0.26
1027,1171,322.6,3.14
1028,5735,231.3,0.46
1029,4346,80.2,0.61
1030,4825,92.9,0.59
1031,5305,1610.2,0.28
1032,3670,29.0,0.48
1033,5419,334.2,0.32
1034,5677,358.3,0.11
1035,5093,2171.7,0.17
1036,3339,76.5,0.56
1037,4356,182.6,0.47
1038,3953,55.3,2.19
1039,3704,48.5,0.33
1040,6032,1512.3,0.2
1041,3658,23.4,0.43
1042,3258,116.5,0.67
1043,2249,20.5,1.5
1044,4065,463.3,0.4
1045,3233,47.6,1.79
1046,4569,51.4,0.35
1047,4827,1204.3,0.38
1048,3698,69.9,1.21
1049,5296,461.3,0.25
1050,12848,199700.0,0.05
1051,11371,27800.0,0.11
1052,9427,28400.0,0.12
1053,10523,55600.0,0.11
1054,7652,14600.0,0.5
1055,7879,59700.0,0.06
1056,11855,22300.0,1.56
1057,12710,41600.0,0.07
1058,6999,3500.0,0.25
1059,5155,3100.0,0.2
1060,10747,11600.0,0.11
1061,3752,10.3,0.11
1062,1981,1200.0,1.14
1063,4960,7200.0,0.1
1064,10520,27300.0,0.07
1065,10707,20000.0,0.08
1066,6132,3600.0,0.09
1067,8203,5000.0,0.08
1068,6132,41000.0,0.08
1069,8587,9300.0,0.11
1070,3994,5548.8,0.42
1071,4169,3308.7,0.3
1072,4847,20.2,0.47
1073,4266,1800.0,0.17
1074,6267,1100.0,0.38
1075,4809,6470.7,0.35
1076,10966,5100.0,0.12
1077,5886,6328.2,0.16
1078,6032,2000.0,0.37
1079,5097,5360.1,0.2
1080,4850,2400.0,0.11
1081,5315,6125.0,0.23
1082,1540,24.1,1.2
1083,2129,8.8,0.67
1084,7402,4000.0,0.15
1085,5441,2434.0,0.18
1086,6255,8531.5,0.19
1087,6082,3900.0,0.26
1088,4635,3411.4,0.36
1089,3905,272.2,0.2
1090,7677,1600.0,0.42
1091,5932,81.3,0.28
1092,5852,34.9,0.26
1093,6951,2100.0,0.23
1094,4473,2900.7,0.35
1095,10339,1800.0,0.11
1096,5598,1994.5,0.29
1097,5646,3185.6,0.24
1098,4980,1900.0,0.47
1099,5815,1785.4,0.15
1100,6082,3000.0,0.11
1101,4379,325.0,0.55
1102,5703,6010.9,0.15
1103,6368,2300.0,0.14
1104,6082,1300.0,0.21
1105,9756,6500.0,0.09
1106,6734,9076.6,0.19
1107,6812,7937.3,0.21
1108,4389,3454.6,0.37
1109,9594,2900.0,0.17
1110,6032,2500.0,0.05
1111,5634,2225.2,0.15
1112,6082,1200.0,0.07
1113,6132,7000.0,0.09
1114,4571,6667.6,0.53
1115,14562,1100.0,0.27
1116,7347,3400.0,0.15
1117,6964,1500.0,0.16
1118,4307,6308.7,0.27
1119,5149,1255.2,0.46
1120,3854,4210.3,0.43
1121,5274,8176.3,0.21
1122,9420,13700.0,0.09
1123,2238,16.1,0.11
1124,4645,181.1,0.8300000000000001
1125,4951,44.5,0.11
1126,7565,1200.0,0.11
1127,5298,6499.1,0.43
1128,7127,3086.3,0.31
1129,9467,2800.0,0.07
1130,3557,8.2,0.18
1131,6219,3717.4,0.13
1132,10670,3100.0,0.08
1133,4440,389.6,0.35
1134,4914,6411.7,0.27
1135,5398,6350.7,0.28
1136,6619,9252.5,0.33
1137,6925,2104.9,0.15
1138,5310,6516.5,0.15
1139,4989,8.8,0.58
1140,5718,3055.8,0.21
1141,6032,9840.0,0.11
1142,4534,674.3,0.31
1143,7331,32.7,0.07
1144,3741,930.9,0.38
1145,6032,3940.0,1.04
1146,3839,1218.8,0.37
1147,8176,1100.0,0.11
1148,6082,6871.7,0.08
1149,9028,26200.0,0.07
1150,4884,1779.8,0.42
1151,5851,1479.6,0.36
1152,6867,3564.2,0.12
1153,5176,6113.3,0.34
1154,5317,4584.0,0.2
1155,8370,1500.0,0.06
1156,5204,3103.5,0.49
1157,4631,3812.1,0.21
1158,4739,1732.9,0.21
1159,6014,1400.0,0.17
1160,8606,6400.0,0.05
1161,5688,2435.4,0.27
1162,7742,1400.0,0.04
1163,6119,1100.0,0.53
1164,8899,4331.3,0.16
1165,5826,6748.4,0.13
1166,9556,8074.2,0.23
1167,5704,1100.0,0.16
1168,4458,2752.9,0.1
1169,5717,5684.6,0.18
1170,3928,672.4,0.29
1171,6082,2600.6,0.07
1172,4733,895.6,0.45
1173,4972,3933.2,0.58
1174,3529,1247.1,0.28
1175,6122,3853.0,0.17
1176,1689,17.8,0.18
1177,7350,1500.0,0.13
1178,5676,1200.0,0.12
1179,3572,40.5,0.49
1180,3425,2943.0,0.43
1181,5482,3265.1,0.22
1182,5046,2544.7,0.2
1183,5281,2897.5,0.25
1184,8942,1800.0,0.1
1185,5519,1600.0,0.25
1186,4377,8.9,0.52
1187,5118,2698.5,0.26
1188,5158,3316.2,0.15
1189,5691,2986.9,0.23
1190,10212,1200.0,0.87
1191,8401,1200.0,0.21
1192,5074,8.8,0.31
1193,4906,1400.0,0.54
1194,1969,16.3,0.62
1195,5941,8353.2,0.15
1196,4482,4430.8,0.52
1197,4800,1378.4,0.43
1198,6032,2132.5,0.12
1199,5852,3.4,7.31
1200,4445,2159.3,0.4
1201,6032,3157.0,0.14
1202,4935,1726.0,0.37
1203,3856,3079.0,0.5700000000000001
1204,4896,1855.0,0.39
1205,4820,1444.2,0.2
1206,9477,2900.0,0.15
1207,4855,2043.8,0.26
1208,2687,41.3,1.05
1209,14642,4000.0,0.12
1210,11127,2000.0,0.1
1211,5580,7341.6,0.34
1212,4348,12.5,1.5
1213,7692,189.0,0.08
1214,4697,738.1,0.59
1215,5075,2747.5,0.35
1216,5899,4358.2,0.12
1217,4261,2129.3,0.29
1218,4463,1173.7,0.44
1219,4921,5339.7,0.41
1220,8665,5700.0,0.09
1221,5765,1546.8,0.13
1222,5051,2303.7,0.34
1223,4937,2173.6,0.34
1224,5044,1799.9,0.61
1225,8764,3500.0,0.09
1226,4344,1889.2,0.55
1227,5297,2113.4,0.23
1228,5955,1500.0,0.14
1229,4721,117.6,0.46
1230,5093,1334.9,0.13
1231,4360,1065.0,0.39
1232,6664,5445.3,0.13
1233,4842,2936.0,0.38
1234,8268,5200.0,0.09
1235,5899,8851.2,1.54
1236,8842,2100.0,0.08
1237,8040,2301.4,0.18
1238,5118,2324.6,0.2
1239,4491,7.1,0.67
1240,5024,2267.9,0.14
1241,5160,877.9,0.15
1242,6032,2000.0,0.17
1243,5755,2006.6,0.22
1244,8395,7838.3,0.14
1245,8309,2600.0,0.08
1246,6451,3131.5,0.14
1247,6032,2673.9,0.1
1248,9211,3973.2,0.08
1249,8628,5300.0,0.14
1250,6683,2400.0,0.11
1251,4962,2047.1,1.06
1252,5453,6043.2,0.25
1253,5156,1469.2,0.32
1254,8519,4700.0,0.14
1255,5824,3360.4,0.12
1256,7641,2500.0,0.05
1257,5730,5228.6,0.16
1258,4612,1890.0,0.2
1259,6032,7328.5,0.22
1260,3761,501.6,0.44
1261,3245,1197.6,0.28
1262,5151,4683.2,0.32
1263,4451,1163.6,0.27
1264,5518,1383.6,0.64
1265,6008,1401.4,0.22
1266,6032,3206.6,0.11
1267,4346,675.4,0.36
1268,10007,505.5,0.6
1269,8489,5000.0,0.13
1270,4817,60.6,1.38
1271,3082,620.3,0.8200000000000001
1272,6408,2976.7,0.15
1273,6032,2938.6,0.07
1274,4563,198.4,0.7000000000000001
1275,5945,4849.9,0.19
1276,2869,352.7,0.62
1277,2845,35.2,0.68
1278,5215,1226.9,0.45
1279,1979,73.1,0.22
1280,4961,1070.9,0.22
1281,4051,1429.7,0.63
1282,6032,6790.6,0.16
1283,7138,5766.9,0.16
1284,5247,2039.1,0.33
1285,4952,313.1,0.24
1286,5153,741.0,0.16
1287,3959,19.1,0.29
1288,6013,3829.2,0.1
1289,6902,3762.6,0.15
1290,5857,1200.0,0.23
1291,3876,625.1,1.15
1292,6032,3578.4,0.06
1293,5471,1351.1,0.25
1294,7573,6469.5,0.13
1295,4192,2479.6,0.6
1296,6015,8692.3,0.09
1297,6368,3866.3,0.22
1298,5752,5273.8,0.31
1299,6368,1900.0,0.18
1300,6082,5473.1,0.18
1301,4166,2260.7,0.28
1302,7101,902.8,0.29
1303,6032,5716.2,0.09
1304,4871,908.1,0.17
1305,6032,1390.1,0.17
1306,5775,6323.7,0.16
1307,4589,1616.7,0.28
1308,4898,2469.5,0.27
1309,7342,2897.7,0.21
1310,4306,52.3,0.12
1311,6082,1900.0,0.15
1312,5720,2459.3,0.16
1313,4784,1045.0,0.26
1314,5260,293.7,0.48
1315,4067,1741.8,0.88
1316,6032,2200.0,0.04
1317,4583,3053.7,0.4
1318,8988,6553.7,0.2
1319,3881,444.5,0.44
1320,5741,6156.5,0.25
1321,5932,3032.8,0.76
1322,8080,4229.2,0.25
1323,4153,19.6,0.1
1324,4156,358.9,0.33
1325,5430,1390.1,0.21
1326,7374,7249.7,0.1
1327,4164,18.5,0.19
1328,1663,8.9,0.07
1329,6032,1240.4,0.1
1330,5243,3347.0,0.5
1331,4896,2003.2,0.23
1332,3579,886.7,1.63
1333,8611,2900.0,0.05
1334,6637,6204.5,0.25
1335,6082,2700.0,0.1
1336,3618,1820.4,0.71
1337,6032,5456.4,0.35
1338,2012,16만원,0.33
1339,2673,4.0,1.29
1340,5830,2334.6,0.19
1341,4658,1633.4,0.3
1342,2589,279.6,1.6
1343,4534,1494.0,0.19
1344,10577,2000.0,0.05
1345,5918,2057.2,0.1
1346,3819,205.6,1.5
1347,6496,1946.7,0.22
1348,5467,995.6,0.12
1349,5640,1200.0,1.41
1350,4037,1607.5,0.17
1351,6032,3146.2,0.09
1352,3264,200.5,0.37
1353,5151,1437.1,0.32
1354,2975,25.6,1.33
1355,4877,4885.3,0.29
1356,5353,763.4,0.26
1357,4874,239.9,1.33
1358,3112,2234.5,1.48
1359,5243,1335.6,0.23
1360,3680,831.0,0.48
1361,6032,7189.5,0.2
1362,6082,1300.0,0.07
1363,5192,1891.1,0.24
1364,9500,7200.0,0.09
1365,5801,3183.9,0.41
1366,5028,783.8,1.1
1367,4919,2090.8,0.22
1368,4768,167.1,0.11
1369,5567,1297.6,0.25
1370,6082,7680.0,0.16
1371,5468,2461.7,0.32
1372,7401,4.9,0.49
1373,6148,2968.4,0.03
1374,6032,7696.2,0.11
1375,4162,54.9,0.44
1376,6143,2251.4,0.16
1377,6032,2803.0,0.09
1378,5677,1168.6,0.75
1379,6032,2417.1,0.22
1380,8535,1600.0,0.12
1381,6269,1368.6,0.21
1382,5412,1193.2,0.24
1383,6435,1827.2,0.14
1384,7081,410.9,0.5700000000000001
1385,6457,1263.8,0.14
1386,5414,1880.8,0.23
1387,6904,3164.5,0.28
1388,4233,2783.3,0.23
1389,5621,4.0,0.09
1390,3732,1632.9,0.23
1391,4903,3444.3,0.3
1392,6003,63.8,0.26
1393,6032,2737.2,0.14
1394,3898,2216.6,0.25
1395,6631,6267.1,0.06
1396,6070,3237.3,0.16
1397,5983,2403.7,0.24
1398,4719,323.1,0.24
1399,1997,31.7,0.61
1400,4093,919.6,0.36
1401,6094,611.8,0.11
1402,3939,171.7,0.64
1403,2881,1.4,1.28
1404,8445,4100.0,0.06
1405,3212,95.7,0.4
1406,7702,2545.9,0.25
1407,15332,32500.0,0.05
1408,4313,1414.5,0.33
1409,17323,24400.0,0.03
1410,5370,2647.1,0.17
1411,6032,2334.9,0.13
1412,3828,605.5,0.66
1413,5612,1483.8,0.38
1414,7209,937.8,0.26
1415,3852,1564.4,0.27
1416,9019,40.2,0.16
1417,6678,1100.5,0.16
1418,4145,4154.9,0.15
1419,4039,1144.2,0.54
1420,4739,1973.1,0.09
1421,4837,1233.5,0.24
1422,5686,1510.9,0.25
1423,6082,9800.0,0.07
1424,5723,167.8,0.25
1425,4295,460.7,0.42
1426,5590,1284.6,0.19
1427,4486,1698.3,0.19
1428,3510,527.2,0.56
1429,4651,1100.8,0.24
1430,4781,1109.8,0.18
1431,4209,1189.7,0.15
1432,7219,2994.6,0.09
1433,5068,851.2,0.34
1434,14012,5500.0,0.05
1435,4891,2142.4,0.25
1436,3728,433.0,0.29
1437,4479,514.7,0.23
1438,6032,1486.3,0.12
1439,4465,1305.5,0.38
1440,1994,1299.4,0.8300000000000001
1441,4702,105.2,0.44
1442,8030,874.3,0.78
1443,5377,2789.4,0.16
1444,4796,1654.4,0.15
1445,5442,4566.1,218.0
1446,4365,595.5,0.27
1447,4769,1090.2,0.21
1448,3455,522.4,1.14
1449,4718,297.1,0.32
1450,4104,11.6,0.77
1451,5608,3446.6,0.15
1452,4713,2178.4,0.3
1453,5612,2620.2,0.17
1454,2083,202.2,1.51
1455,4102,518.7,0.15
1456,4490,3759.4,0.48
1457,4668,797.2,0.14
1458,3675,836.6,0.3
1459,5308,2146.2,0.32
1460,5688,275.1,0.16
1461,7620,2707.7,0.19
1462,7428,2711.0,0.22
1463,4364,529.7,0.16
1464,5763,1165.0,0.21
1465,5323,2622.7,0.2
1466,4996,262.7,0.4
1467,4030,33.5,0.85
1468,4102,718.1,0.32
1469,4823,494.8,0.36
1470,8556,6192.4,0.22
1471,6082,1800.0,0.12
1472,2972,626.9,0.27
1473,3083,1261.1,0.08
1474,6115,1591.2,0.26
1475,4676,1496.7,0.21
1476,5808,2873.4,0.2
1477,4552,102.3,0.17
1478,5122,569.2,0.34
1479,5924,418.5,0.16
1480,4092,805.8,0.42
1481,5648,991.8,0.22
1482,5062,2570.6,0.61
1483,2207,179.9,1.14
1484,5884,4662.7,0.13
1485,10659,1900.0,1.12
1486,4462,925.4,0.34
1487,4435,1013.5,0.29
1488,5778,2071.6,0.13
1489,5827,2181.2,1.68
1490,3980,420.4억,0.32
1491,4593,1014.4,0.63
1492,3352,27.3,0.49
1493,4592,665.9,0.33
1494,4012,59.2,0.5
1495,3552,31.2,0.43
1496,6124,4968.1,0.15
1497,4728,956.1,0.3
1498,6853,4582.8,0.08
1499,4617,3454.2,0.23
1500,5915,912.5,0.27
1501,3827,625.5,0.22
1502,3772,3690.5,0.61
1503,6032,781.0,0.25
1504,5521,777.3,0.11
1505,4903,2470.6,0.18
1506,5789,2332.4,0.16
1507,6491,2675.7,0.11
1508,4496,792.6,0.24
1509,4750,616.1,0.16
1510,7270,3785.1,0.13
1511,5852,2549.9,1.16
1512,5128,1327.3,0.13
1513,5509,2356.0,0.19
1514,4247,902.9,0.54
1515,4019,925.7,0.25
1516,4923,858.7,0.42
1517,4195,1293.9,0.26
1518,5495,6995.1,0.1
1519,3288,6215.1,0.16
1520,5738,925.4,0.17
1521,6032,1697.2,0.15
1522,5858,1144.4,0.06
1523,2681,3081.8,0.13
1524,4397,547.4,0.47
1525,5144,436.7,0.29
1526,5019,454.2,0.16
1527,6061,3638.8,0.19
1528,2842,6376.4,1.11
1529,3974,236.4,0.76
1530,5544,26.0,0.18
1531,3973,1377.7,0.64
1532,3225,91.1,0.67
1533,5932,2089.8,0.17
1534,3942,127.8,0.62
1535,10479,472.2,1.0
1536,6032,2201.5,0.09
1537,4581,1622.9,0.27
1538,7348,282.9,0.12
1539,5658,663.9,0.22
1540,4978,1338.7,0.27
1541,6032,4022.0,0.21
1542,2765,1820.4,1.06
1543,4709,1398.7,0.34
1544,3991,427.0,0.17
1545,6032,8841.1,0.11
1546,5247,1396.7,0.56
1547,7094,3180.9,0.07
1548,5653,328.7,0.38
1549,5576,1139.1,0.38
1550,5036,365.9,0.36
1551,3440,129.0,0.41
1552,6013,6583.1,0.23
1553,6032,1086.1,0.17
1554,4917,6072.3,0.37
1555,5194,1107.5,0.67
1556,6032,3515.4,0.09
1557,4105,55.9,0.34
1558,7407,3041.3,0.11
1559,5304,1700.5,0.24
1560,6032,4340.3,0.13
1561,4265,944.0,0.27
1562,5289,1238.7,0.43
1563,4695,317.7,0.24
1564,4359,2262.9,0.22
1565,5754,727.7,0.17
1566,3098,298.7,0.42
1567,5325,2146.4,0.25
1568,4110,473.4,0.65
1569,5737,3104.8,0.11
1570,5345,1137.0,0.21
1571,3661,4.9,0.2
1572,5811,1231.1,0.2
1573,2313,37.6,1.22
1574,4328,903.4,0.86
1575,5286,1731.3,0.29
1576,4909,1360.7,0.33
1577,1930,6913만원,1.48
1578,4549,1120.2,0.53
1579,6082,1300.0,0.19
1580,6032,5444.8,0.12
1581,6032,2084.0,0.08
1582,4254,107.4,0.21
1583,4157,1361.0,0.22
1584,4323,21.2,0.38
1585,4274,314.6,0.44
1586,7025,1759.1,0.21
1587,4172,268.5,0.45
1588,3865,1595.2,0.77
1589,6032,2693.2,0.07
1590,5090,1713.7,0.19
1591,4318,136.7,1.27
1592,4661,679.8,0.52
1593,4207,419.8,0.42
1594,5983,1960.8,0.24
1595,4140,1387.4,0.75
1596,5202,952.1,0.14
1597,5668,2194.6,0.28
1598,3269,419.9,0.31
1599,2447,2773.2,0.13
1600,5873,2063.1,0.21
1601,6032,2509.8,0.14
1602,3138,295.1,0.4
1603,2967,2456.3,1.35
1604,5428,373.4,0.26
1605,4149,444.8,0.49
1606,4838,7665.3,0.16
1607,7677,1364.2,0.15
1608,4302,3348.2,0.28
1609,5623,2049.1,0.07
1610,5412,390.2,0.15
1611,6032,2310.5,0.13
1612,5019,1265.7,0.23
1613,5231,641.6,0.18
1614,5920,276.5,0.3
1615,4634,440.7,0.59
1616,6944,6.3,0.32
1617,3436,18.8,0.45
1618,5738,2012.5,0.18
1619,6032,8995.4,0.08
1620,5071,1521.0,0.24
1621,6032,2030.3,0.1
1622,8377,3493.4,0.21
1623,4302,565.8,0.38
1624,4144,404.1,0.27
1625,6260,449.3,0.08
1626,5964,2235.3,0.2
1627,4914,694.5,0.19
1628,5015,496.5,0.31
1629,5677,2276.3,0.25
1630,5039,104.4,0.12
1631,6174,4945.1,0.13
1632,6032,2843.2,0.19
1633,5976,2448.4,0.16
1634,5477,3308.8,0.34
1635,2325,472.2,0.35
1636,3528,78.9,0.8200000000000001
1637,5050,1263.6,0.46
1638,6319,240.0,0.99
1639,4516,8.4,0.5
1640,3958,12.8,0.33
1641,5890,1714.2,0.17
1642,3979,410.3,0.49
1643,5469,818.7,0.25
1644,5713,1504.8,0.25
1645,5166,472.3,0.17
1646,4791,3660.0,0.37
1647,4165,114.4,0.33
1648,2953,1956.3,1.11
1649,6647,5735.1,0.24
1650,6420,1515.5,0.51
1651,4200,986.8,0.31
1652,3650,1199.0,0.34
1653,5241,1926.0,0.12
1654,10596,1100.0,0.06
1655,5153,999.0,0.32
1656,3605,73.1,0.41
1657,4723,79.8,0.49
1658,4539,1222.8,0.24
1659,4510,465.0,1.21
1660,2205,4.5,0.66
1661,5888,1550.0,0.2
1662,6131,1196.6,0.11
1663,3575,424.5,0.56
1664,5429,763.0,0.15
1665,6121,164.0,0.21
1666,6032,1799.6,0.31
1667,6239,1521.8,1.74
1668,4678,686.3,0.34
1669,4227,610.6,0.23
1670,5683,601.4,0.16
1671,5624,8459.0,0.27
1672,6644,4232.5,0.13
1673,5337,1723.8,0.14
1674,4180,651.4,0.26
1675,4362,789.8,0.59
1676,5852,232.8,0.14
1677,4184,205.5,0.31
1678,4839,617.4,0.17
1679,5923,1491.2,0.3
1680,5433,1.7,0.14
1681,4888,492.3,0.23
1682,5172,1863.1,0.3
1683,4592,770.9,0.3
1684,4331,214.5,0.41
1685,5166,762.2,0.29
1686,4132,1297.9,0.08
1687,6032,1100.0,0.15
1688,4827,2741.8,0.33
1689,4421,410.6,0.2
1690,6360,933.3,0.15
1691,5174,660.1,0.25
1692,4573,1035.9,0.17
1693,4594,520.2,0.24
1694,3056,877.3,0.77
1695,6032,1307.8,0.12
1696,4559,1815.7,0.24
1697,4449,640.0,0.3
1698,4978,706.2,0.17
1699,6846,828.7,0.1
1700,6032,1623.2,0.12
1701,6195,1394.8,0.22
1702,2324,347.4,1.19
1703,3904,1213.2,0.76
1704,3342,241.4,0.31
1705,10106,2100.0,0.12
1706,6032,627.1,0.13
1707,3551,379.4,0.29
1708,6032,4793.6,0.17
1709,4406,26.3,0.61
1710,5429,3087.8,0.26
1711,5241,321.2,0.42
1712,3930,2533.4,0.39
1713,9165,1800.0,0.22
1714,5304,355.5,0.61
1715,4429,215.1,0.56
1716,4466,780.4,0.34
1717,6220,689.7,0.19
1718,5024,845.1,0.23
1719,4951,2825.1,0.35
1720,6032,1288.5,0.08
1721,3933,73.7,0.4
1722,6430,3114.8,0.19
1723,3670,10.4,2.67
1724,5520,2585.7,0.5700000000000001
1725,4336,71.8,0.05
1726,5852,1426.5,2.08
1727,6032,3300.0,0.1
1728,3329,1102.1,0.5700000000000001
1729,4318,1118.0,0.29
1730,8662,3635.0,0.07
1731,4589,263.1,0.22
1732,5609,1199.4,0.24
1733,7151,3401.8,0.07
1734,7649,4758.2,0.09
1735,3470,410.0,0.2
1736,4948,1181.5,0.39
1737,4038,893.0,0.35
1738,6032,2516.4,0.22
1739,4878,924.3,0.3
1740,5567,5074.2,0.19
1741,6101,382.8,0.39
1742,6716,1451.7,0.1
1743,4777,869.3,0.2
1744,4267,5.6,0.38
1745,4689,198.4,0.36
1746,3903,165.1,0.35
1747,5388,215.7,0.4
1748,5532,422.0,1.2
1749,8334,5684.8,0.06
1750,6032,5954.2,0.21
1751,3880,678.4,0.6
1752,4420,307.8,1.1
1753,2852,3.3,1.2
1754,3568,160.2,0.8200000000000001
1755,4441,308.0,0.32
1756,4474,402.8,0.32
1757,6377,1211.0,0.06
1758,4285,521.3,0.23
1759,4340,858.1,0.28
1760,3857,227.7,0.76
1761,2921,534.1,0.86
1762,4645,87.2,0.3
1763,6976,6735.9,0.32
1764,3331,1801.2,0.48
1765,4727,428.6,0.17
1766,6830,1806.8,0.17
1767,6853,1300.0,0.11
1768,5933,2063.4,0.12
1769,5023,1666.2,0.2
1770,3663,257.9,0.38
1771,3490,120.5,0.97
1772,4709,22.3,0.13
1773,6032,2797.1,0.12
1774,3835,514.3,0.25
1775,3404,651.6,0.47
1776,5435,3128.1,0.1
1777,2702,2357.9,1.07
1778,6032,6067.0,0.07
1779,6032,5182.0,1.05
1780,2966,1047.4,1.23
1781,5374,307.9,0.4
1782,3982,904.0,0.26
1783,4109,404.0,0.54
1784,5294,530.6,0.28
1785,5087,487.5,0.14
1786,4876,975.1,0.37
1787,3481,1594.7,0.26
1788,4097,533.8,0.51
1789,4183,1359.3,0.77
1790,5876,401.9,0.33
1791,5828,660.7,0.22
1792,6392,874.8,0.18
1793,4584,544.9,0.43
1794,2336,13.5,0.17
1795,5203,1151.3,0.24
1796,6951,2100.0,0.23
1797,5203,776.5,0.15
1798,3484,180.9,0.43
1799,9540,2600.0,0.05
1800,4036,6.8,0.17
1801,5280,744.9,0.26
1802,2825,93.9,0.35
1803,2068,95.2,1.57
1804,4062,320.1,0.8
1805,5496,900.8,0.79
1806,4337,303.3,0.51
1807,2588,814.7,1.25
1808,4585,480.6,0.35
1809,5750,229.7,0.28
1810,6105,643.4,0.24
1811,4909,342.3,0.23
1812,4534,469.0,0.34
1813,5989,2142.7,0.15
1814,5988,3491.2,0.15
1815,5318,1332.9,0.28
1816,5730,1780.9,0.17
1817,3041,2765.5,1.13
1818,5652,2233.0,0.14
1819,4903,2126.0,0.23
1820,3532,55.9,0.66
1821,5912,783.5,0.25
1822,5669,2418.2,0.29
1823,5172,785.4,0.4
1824,5269,3.1,0.46
1825,6430,5348.0,0.1
1826,5358,349.7,0.14
1827,7832,8549.5,0.17
1828,4470,338.7,0.17
1829,4087,423.6,0.99
1830,4570,162.9,0.32
1831,7803,4035.3,0.12
1832,5259,4.5,0.47
1833,5984,2417.1,0.15
1834,6032,3265.3,0.06
1835,8722,4394.4,1.48
1836,4748,874.9,1.05
1837,6349,2180.3,0.14
1838,8570,3921.8,0.07
1839,6032,6473.1,0.1
1840,4572,1560.1,0.51
1841,5196,720.1,0.14
1842,4705,452.2,0.19
1843,6356,434.6,0.19
1844,4886,1070.6,0.22
1845,6082,1100.0,0.06
1846,3804,485.1,0.22
1847,6082,1400.0,0.1
1848,3894,158.1,0.38
1849,5706,661.9,0.2
1850,4892,717.6,0.22
1851,5508,5486.4,0.17
1852,4622,4835.3,0.29
1853,3771,274.8,0.42
1854,4627,716.3,0.8200000000000001
1855,4542,1007.3,0.27
1856,4658,73.3,0.27
1857,4206,322.0,0.4
1858,4151,42.4,0.33
1859,5282,648.9,0.34
1860,4811,2195.6,0.28
1861,4534,6425만원,0.2
1862,4569,250.6,0.55
1863,1973,5.4,0.65
1864,5594,860.8,0.28
1865,9842,16.6,0.99
1866,3324,685.3,0.8300000000000001
1867,4955,1529.6,0.99
1868,3611,437.4,0.45
1869,4527,146.0,0.51
1870,4552,926.6,0.64
1871,6001,5828.1,0.15
1872,3698,720.1,0.26
1873,3946,392.8,0.17
1874,7424,2.6,0.23
1875,4464,376.8,0.51
1876,6622,9060.2,0.17
1877,5236,3630.0,0.55
1878,5342,1064.0,0.15
1879,4975,570.7,0.18
1880,5372,817.9,0.37
1881,2691,4.9,0.53
1882,7717,813.4,0.28
1883,8409,4052.3,0.08
1884,6073,5627.7,0.1
1885,3998,413.0,0.48
1886,5049,857.3,0.41
1887,4847,1930.4,0.12
1888,6024,4024.3,0.18
1889,3312,45.6,0.87
1890,3212,45.5,0.55
1891,3945,113.9,0.63
1892,4606,138.6,0.26
1893,5636,575.9,0.19
1894,4992,796.4,0.31
1895,4133,46.0,0.15
1896,4956,507.3,0.28
1897,6929,173.6,0.2
1898,5728,1525.0,0.15
1899,3506,473.1,0.43
1900,4289,703.9,0.46
1901,5121,1116.6,0.13
1902,5548,1781.0,0.23
1903,1240,3286.1,0.15
1904,5208,1300.0,1.02
1905,3931,6865.0,0.43
1906,6082,7774.6,0.15
1907,11737,1000.0,0.14
1908,6082,1500.0,0.15
1909,2442,1039.7,1.97
1910,4338,1217.4,0.45
1911,3909,1677.4,0.2
1912,3223,324.9,0.27
1913,2608,6262.9,1.12
1914,4736,474.9,0.5
1915,3410,257.4,0.31
1916,3854,445.5,0.78
1917,11735,9098.4,0.16
1918,5289,726.5,0.39
1919,4434,322.7,0.39
1920,4155,500.8,0.39
1921,5993,771.8,0.19
1922,6032,3444.0,0.15
1923,4429,346.8,0.26
1924,4399,241.0,0.53
1925,4375,463.4,0.39
1926,4324,1490.1,0.3
1927,4581,2212.0,0.32
1928,3680,313.0,0.71
1929,3578,110.8,0.5700000000000001
1930,6032,2441.7,0.39
1931,4632,244.7,0.43
1932,5266,484.2,0.32
1933,3394,152.1,0.89
1934,5734,887.3,0.25
1935,3428,778.2,0.18
1936,3109,2578.8,1.33
1937,7445,3635.3,0.28
1938,7946,2673.9,0.39
1939,4605,1285.7,0.43
1940,4980,2334.4,0.25
1941,6032,2907.4,0.2
1942,3233,127.5,0.35
1943,3681,362.1,0.36
1944,3478,138.1,1.14
1945,4491,57.7,0.8300000000000001
1946,5127,340.1,0.37
1947,4983,576.6,0.24
1948,3813,213.0,0.71
1949,5966,762.1,0.21
1950,3838,185.7,0.52
1951,5270,1957.3,0.15
1952,3335,165.1,0.9
1953,4017,98.7,0.49
1954,5541,2629.9,0.22
1955,3993,323.5,0.25
1956,5736,2066.9,0.19
1957,3940,721.8,0.21
1958,4295,109.1,0.56
1959,4070,319.9,0.8200000000000001
1960,7947,1374.4,0.09
1961,4329,111.8,0.45
1962,3684,254.3,0.54
1963,4055,162.1,0.49
1964,1772,3.9,0.77
1965,3772,317.0,0.44
1966,3867,304.5,0.25
1967,6032,5366.4,0.24
1968,4675,188.5,0.61
1969,4000,16.8,0.99
1970,3916,268.7,0.72
1971,5419,245.7,0.66
1972,4519,228.2,0.22
1973,4178,103.3,0.45
1974,4847,786.3,2.8000000000000003
1975,5364,110.6,0.33
1976,5932,339.0,0.19
1977,4558,240.8,0.35
1978,4308,262.5,0.42
1979,6032,1836.8,0.19
1980,4103,230.3,0.29
1981,6546,1652.3,0.13
1982,4055,417.1,0.32
1983,4752,348.9,0.18
1984,8690,1425.4,0.26
1985,4455,885.1,0.26
1986,6045,1161.7,0.19
1987,6032,2540.3,0.12
1988,3721,75.0,0.38
1989,3856,323.0,0.44
1990,3377,4977만원,0.07
1991,4176,383.7,0.21
1992,4555,213.6,0.31
1993,4377,150.6,1.07
1994,3659,59.9,0.8300000000000001
1995,2625,88.3,0.24
1996,4765,238.4,0.72
1997,3496,1252만원,0.34
1998,6032,2306.4,0.12
1999,5025,298.7,0.51
2000,4157,198.1,0.39
2001,5159,2425.5,0.14
2002,4195,162.8,0.49
2003,4557,161.7,0.47
2004,4021,107.7,0.5700000000000001
2005,3223,105.6,1.34
2006,2723,329.1,0.86
2007,4226,415.1,0.19
2008,4211,133.2,0.46
2009,4889,118.9,0.28
2010,4719,158.7,0.14
2011,4336,1164.1,0.23
2012,3824,49.0,0.12
2013,3403,562.2,0.38
2014,6032,687.7,0.14
2015,3647,225.5,0.08
2016,3975,24.0,0.41
2017,4145,62.8,2.63
2018,2985,86.4,0.41
2019,2684,2839.3,1.18
2020,5104,89.0,0.43
2021,2185,234.0,1.21
2022,4355,1199.4,0.28
2023,2016,106.9,1.46
2024,3152,121.5,0.66
2025,3416,21.5,1.32
2026,4534,179.8,0.23
2027,3500,81.8,0.93
2028,4232,107.3,0.15
2029,3577,253.5,0.61
2030,4421,946.9,0.8
2031,3757,71.2,0.4
2032,2039,2180.1,1.32
2033,6138,733.8,0.3
2034,3613,105.8,1.26
2035,4028,33.9,0.59
2036,5003,377.1,0.22
2037,3109,190.0,0.42
2038,4494,90.6,0.25
2039,4807,271.6,0.34
2040,3571,51.1,0.44
2041,5995,498.4,0.26
2042,4045,72.7,0.55
2043,2414,330.0,1.08
2044,4035,16.9,0.73
2045,3837,82.1,0.58
2046,4558,254.0,0.38
2047,4706,125.6,0.53
2048,3717,47.4,0.49
2049,4422,72.7,0.46
2050,3648,94.2,0.67
2051,4853,219.9,0.36
2052,4107,355.9,0.14
2053,5636,510.2,0.39
2054,3751,61.5,0.54
2055,3079,356.4,0.51
2056,4733,92.3,0.27
2057,3221,88.1,0.48
2058,5661,125.9,1.42
2059,4349,68.2,0.47
2060,4969,178.1,0.9
2061,6032,1645.6,0.19
2062,3502,93.6,0.56
2063,4420,220.8,0.2
2064,3828,146.1,0.38
2065,7518,9170.2,0.16
2066,7211,1100.0,0.2
2067,7534,1300.0,0.15
2068,8690,1600.0,0.13
2069,6901,1200.0,0.28
2070,6096,7016.4,0.22
2071,5861,2213.1,0.14
2072,7476,3953.8,0.31
2073,7893,1600.0,0.15
2074,6930,2200.0,0.51
2075,5950,7682.7,0.18
2076,5328,2252.4,0.3
2077,6288,6018.2,0.24
2078,3477,10.1,1.46
2079,7847,5591.5,0.31
2080,1027,8.8,0.33
2081,3579,888.6,0.33
2082,6693,3987.4,0.3
2083,8367,3390.8,0.15
2084,7395,2302.7,0.16
2085,7126,5111.5,0.17
2086,5884,4036.0,0.25
2087,6276,5153.8,0.24
2088,5113,1000.9,0.2
2089,5475,3940.8,0.18
2090,4879,1272.6,0.26
2091,6540,1391.4,0.12
2092,5012,1938.8,0.25
2093,6624,8252.3,0.14
2094,7012,5901.2,1.09
2095,5462,2011.4,0.2
2096,5491,6105.6,0.33
2097,9077,1600.0,0.08
2098,4816,1343.6,0.19
2099,6322,1771.8,0.31
2100,5679,1843.4,0.18
2101,6032,1241.1,0.18
2102,6792,1510.4,0.43
2103,6439,1797.8,0.15
2104,4796,1321.2,0.29
2105,3049,55.3,1.35
2106,3986,399.9,0.36
2107,5511,590.9,0.5700000000000001
2108,5163,1687.2,0.17
2109,3602,720.6,0.32
2110,5725,1295.9,0.32
2111,6306,1730.2,0.5700000000000001
2112,6522,1706.6,0.13
2113,10754,2800.0,0.25
2114,7241,1428.0,0.13
2115,3011,21.4,0.18
2116,4137,201.1,0.26
2117,5132,1142.0,0.33
2118,5867,6323.4,0.46
2119,2133,32.3,0.32
2120,6032,4373.7,0.14
2121,5104,1040.4,0.36
2122,4470,844.1,0.32
2123,4626,628.4,0.27
2124,6085,1816.3,0.18
2125,7047,5729.8,0.81
2126,5972,2094.5,0.1
2127,4263,1149.6,0.49
2128,6032,3400.6,0.23
2129,6032,1382.1,0.12
2130,4925,420.9,0.39
2131,4898,945.5,0.44
2132,6220,1964.1,0.2
2133,6256,1420.4,0.15
2134,6939,7137.2,1.21
2135,6896,2722.1,0.09
2136,6987,885.7,0.24
2137,4085,608.5,0.22
2138,3365,726.7,0.88
2139,5572,546.7,0.17
2140,6514,1960.7,0.26
2141,5006,912.8,0.34
2142,5328,744.7,0.19
2143,6401,9281.1,1.01
2144,6222,1208.7,0.25
2145,6032,4225.3,0.16
2146,4778,261.5,0.19
2147,3783,45.0,0.5700000000000001
2148,6901,1200.0,0.28
2149,4846,36.0,0.15
2150,6076,1339.6,0.18
2151,4682,650.7,0.26
2152,5627,1023.3,0.18
2153,7193,3074.8,0.85
2154,4743,472.5,0.32
2155,6032,3044.5,0.17
2156,4220,393.9,0.65
2157,5825,1665.9,0.13
2158,4267,670.0,0.23
2159,2282,104.7,0.63
2160,5498,871.6,0.13
2161,7992,2500.7,0.1
2162,6822,1127.8,0.24
2163,4633,745.1,0.18
2164,4757,1250.2,0.2
2165,5560,586.2,0.36
2166,4512,82.4,0.78
2167,3738,63.7,0.74
2168,5514,1278.7,0.25
2169,6645,2319.6,0.11
2170,2818,549.1,0.26
2171,5441,602.9,0.23
2172,6673,2917.4,1.44
2173,5177,1385.6,0.2
2174,6032,3892.0,0.2
2175,4065,512.6,0.3
2176,5752,565.3,0.15
2177,2908,251.8,0.36
2178,6993,1157.4,0.42
2179,5444,1302.6,0.25
2180,5158,533.3,0.19
2181,7050,8223.6,0.71
2182,5743,665.3,0.21
2183,3624,352.9,0.48
2184,5172,280.2,0.19
2185,4251,889.3,0.25
2186,4567,434.0,0.19
2187,4733,74.9,0.08
2188,4875,404.6,0.23
2189,5725,1391.3,0.29
2190,5184,484.6,0.29
2191,5049,440.0,0.17
2192,5514,736.9,0.18
2193,3466,120.5,0.37
2194,5863,1641.1,0.09
2195,7595,3950.5,0.98
2196,6931,939.0,1.24
2197,6505,3996.7,1.0
2198,4003,302.8,0.54
2199,5305,543.7,0.23
2200,5650,1212.8,0.68
2201,5291,293.1,0.2
2202,5648,1534.2,0.68
2203,3487,25.2,0.25
2204,4535,1410.4,0.19
2205,3744,78.9,0.32
2206,3782,11.4,1.35
2207,5577,1905.9,0.21
2208,3160,1111.4,1.21
2209,11119,6200.5,0.16
2210,4581,444.2,0.32
2211,6170,909.7,0.18
2212,4753,518.7,0.5700000000000001
2213,3427,166.8,1.2
2214,3607,102.7,0.34
2215,6032,982.3,0.45
2216,5471,2169.3,0.18
2217,9431,5131.5,0.3
2218,6082,6131.2,0.16
2219,6082,4743.4,0.27
2220,4245,41.0,0.28
2221,9571,3818.1,0.39
2222,5967,1300.0,0.19
2223,6709,9432.6,0.46
2224,10400,800.0,0.19
2225,5258,2552.0,0.26
2226,4994,16700.0,0.33
2227,8172,3935.8,0.42
2228,8305,2247.6,0.37
2229,4658,731.5,0.36
2230,6383,3043.2,0.22
2231,5580,1858.8,0.56
2232,6587,4084.5,0.22
2233,8047,9071.7,0.13
2234,5233,584.8,0.54
2235,5122,443.9,0.28
2236,5227,747.9,0.34
2237,7150,4360.8,0.25
2238,8742,2277.3,0.16
2239,5852,105.0,0.3
2240,10465,6357.2,0.24
2241,8757,747.1,0.34
2242,8145,2121.6,0.27
2243,7169,5798.4,0.24
2244,6836,5659.5,0.31
2245,3853,254.3,0.59
2246,7527,3743.9,0.23
2247,6032,850.6,0.26
2248,5275,328.7,0.34
2249,6032,255.7,0.09
2250,4840,355.3,0.37
2251,5547,1074.4,0.33
2252,8420,700.6,0.35
2253,9250,880.2,0.32
2254,6782,9441.2,0.18
2255,4309,381.3,0.44
2256,5531,898.3,0.19
2257,7089,2133.3,0.15
2258,8313,1665.3,0.23
2259,6319,1343.7,0.18
2260,9389,9674.6,0.41
2261,7698,991.9,0.22
2262,8602,1762.6,0.38
2263,2376,8.3,0.68
2264,9714,1983.7,0.27
2265,6008,2281.2,0.23
2266,6945,8913.9,0.22
2267,5924,466.4,0.18
2268,9785,1077.6,0.47
2269,3696,255.4,0.55
2270,5650,417.9,0.18
2271,7869,1949.8,0.18
2272,5779,471.4,0.18
2273,6681,243.5,0.47
2274,8655,1737.3,0.25
2275,4742,321.2,0.47
2276,5961,1078.7,0.48
2277,7312,2000.0,0.18
2278,7299,415.7,0.51
2279,8193,1807.5,0.15
2280,4746,88.5,0.53
2281,7983,2280.7,0.18
2282,7167,434.5,0.3
2283,5626,872.2,1.39
2284,5938,1800.0,0.28
2285,6827,380.7,0.3
2286,8377,421.2,0.22
2287,4245,245.2,0.29
2288,6248,202.2,0.78
2289,5167,217.6,0.3
2290,6452,9793.1,0.29
2291,3568,75.0,0.43
2292,8665,498.9,0.39
2293,6666,594.4,0.19
2294,7773,7238.3,0.16
2295,6276,465.7,0.18
2296,5932,83.8,0.75
2297,7080,6300.0,0.34
2298,5287,432.7,0.38
2299,4398,104.9,0.55
2300,4439,628.5,0.4
2301,6196,1100.0,0.51
2302,6032,6178.9,0.27
2303,6032,2630.2,0.15
2304,5882,32.1,0.71
2305,4521,52.9,0.39
2306,3773,209.1,0.25
2307,4743,326.2,0.26
2308,3575,112.6,0.44
2309,4201,85.4,0.12
2310,8714,2600.0,0.1
2311,4337,122.3,0.29
2312,7023,659.2,0.12
2313,2632,434.7,1.16
2314,6272,747.9,0.25
2315,7364,451.4,0.29
2316,5039,407.0,0.38
2317,5243,79.0,0.51
2318,5852,105.0,0.3
2319,6032,276.4,0.1
2320,3110,100.4,0.66
2321,4778,28.1,1.01
2322,7063,349.3,0.28
2323,3903,42.6,0.97
2324,6601,1139.2,0.28
2325,5659,1019.7,0.25
2326,3503,327.5,0.27
2327,7468,18.2,0.15
2328,5484,165.5,0.39
2329,7669,3665.2,0.24
2330,7637,210.2,0.77
2331,5871,565.6,0.21
2332,10771,152.5,0.51
2333,6870,260.7,0.21
2334,6969,308.3,0.22
2335,6012,331.7,0.24
2336,2891,3641.7,0.92
2337,2887,3895.7,0.89
2338,3429,107.8,0.2
2339,4849,3847.4,0.19
2340,3789,5274.5,0.52
2341,3915,1600.0,0.46
2342,3799,60.8,0.28
2343,2369,1359.4,0.96
2344,5127,3400.0,0.34
2345,1549,6784.4,2.23
2346,3976,6737.6,0.71
2347,2700,2733.7,0.79
2348,3983,1507.2,0.47
2349,8913,1100.0,0.21
2350,4515,4737.8,0.33
2351,3095,219.2,0.67
2352,3411,2551.9,0.77
2353,4353,1300.0,0.5
2354,4150,413.3,0.15
2355,6311,3096.0,0.08
2356,6034,2100.0,0.15
2357,2938,25.1,0.41
2358,5255,1788.3,0.26
2359,2893,40.8,0.18
2360,3802,2099.2,0.63
2361,3702,2608.0,0.58
2362,3646,413.4,0.75
2363,5505,4855.2억,0.2
2364,2042,1091.5,1.62
2365,3820,893.6,0.33
2366,4293,3107.2,0.43
2367,6826,850.9,0.16
2368,3848,435.1,14.5
2369,3466,48.6,0.34
2370,4576,1971.5,0.29
2371,4449,1933.8,0.45
2372,6076,1700.0,0.17
2373,5729,4200.0,0.22
2374,2890,1431.3,0.92
2375,3259,3938.4,0.71
2376,2879,1402.9,0.88
2377,3858,6.3,0.91
2378,5408,2849.5,0.23
2379,4748,2228.4,0.22
2380,3692,1122.1,0.95
2381,4487,63.7,0.45
2382,5478,2482.4,0.24
2383,3711,102.3,0.66
2384,3877,238.2,0.33
2385,4379,946.8,9.77
2386,3915,933.4,0.59
2387,6032,517.2,0.17
2388,4124,844.6,1.41
2389,4246,5110.0,0.3
2390,5564,223.5,1.67
2391,3806,313.9,0.54
2392,3404,648.8,0.25
2393,6082,2094.4,0.1
2394,3020,201.6,0.85
2395,3655,2550.3,0.6
2396,7662,7873.8,0.42
2397,4318,406.4,0.24
2398,5066,1593.4,0.24
2399,3290,845.3,0.99
2400,6223,647.2,0.41
2401,4059,716.5,0.28
2402,4108,256.5,0.56
2403,5812,221.9,0.37
2404,4694,974.7,1.48
2405,4068,326.7,0.33
2406,6032,402.7,0.31
2407,6032,1107.0,0.34
2408,3924,867.8,0.49
2409,3466,2076.0,0.56
2410,2859,2007.9,0.93
2411,4889,93.0,0.35
2412,1604,95만원,0.86
2413,3195,382.6,0.89
2414,4568,2161.1,0.24
2415,3891,135.7,0.46
2416,1597,58.8,1.27
2417,3952,199.4,0.44
2418,4748,245만원,0.11
2419,3463,93.1,0.97
2420,4600,6363.1,0.56
2421,2918,839.8,1.17
2422,3337,132.6,1.04
2423,4256,436.1,0.44
2424,2191,701.8,1.63
2425,7429,1000.0,0.1
2426,4262,414.4,0.15
2427,4235,305.6,0.2
2428,3503,803.1,1.42
2429,3849,151.8,0.55
2430,1922,327.1,2.5
2431,4859,635.1,0.4
2432,2872,317.9,0.99
2433,5032,431.0,0.26
2434,6145,4798.6,0.14
2435,3836,1737.8,0.31
2436,2991,613.8,0.5700000000000001
2437,3864,557.5,0.39
2438,4028,779.0,0.62
2439,4100,36.0,0.26
2440,3924,867.8,0.47
2441,5590,1202.0,0.18
2442,3823,322.9,0.5700000000000001
2443,3432,2000.8,0.52
2444,4635,290.7,0.37
2445,3695,958.5,1.07
2446,2850,605.9,0.73
2447,3519,912.3,0.45
2448,1329,241.3,1.81
2449,4857,269.5,0.21
2450,3059,758.2,0.61
2451,5344,602.7,0.15
2452,2980,681.0,0.78
2453,5556,2255.1,0.13
2454,4203,1407.3,0.47
2455,3667,1313.9,0.51
2456,4191,238.1,0.22
2457,2928,347.0,0.81
2458,4396,718.4,0.41
2459,2887,175.9,2.49
2460,4894,1132.4,0.42
2461,3867,151.5,0.67
2462,4004,191.1,0.59
2463,6032,530.1,0.09
2464,3080,448.1,0.73
2465,4787,46.3,0.3
2466,3026,1074.8,0.67
2467,3031,611.8,0.91
2468,5369,436.2,0.16
2469,3017,118.3,0.98
2470,5419,785.5,0.33
2471,3590,384.7,0.74
2472,3518,1909.2,0.65
2473,4848,7.5,1.66
2474,3215,622.7,0.56
2475,3675,59.8,0.3
2476,4535,72.0,0.16
2477,3910,779.0,0.3
2478,3176,137.1,0.8200000000000001
2479,4217,458.8,0.46
2480,3969,57.3,0.39
2481,2829,395.7,1.76
2482,6032,1281.5,0.11
2483,2504,116.9,1.6
2484,3015,575.5,1.22
2485,2950,488.3,0.95
2486,4944,1348.7,0.23
2487,4855,84.1,0.52
2488,3137,5.8,0.07
2489,3630,2506.0,0.56
2490,2585,2.3,1.26
2491,3041,241.7,1.22
2492,2801,911.3,0.72
2493,2282,309.3,1.67
2494,4737,729.1,0.31
2495,3964,165.7,0.45
2496,3878,466.7,0.54
2497,2261,12.8,2.49
2498,4417,28.0,0.14
2499,1314,108.9,1.36
2500,3062,430.1,1.0
2501,3038,336.9,0.68
2502,5898,633.4,0.33
